<?xml version="1.0" encoding="UTF-8"?>
<!DOCTYPE mapper
        PUBLIC "-//mybatis.org//DTD Mapper 3.0//EN"
        "http://mybatis.org/dtd/mybatis-3-mapper.dtd">
<mapper namespace="com.example.mapper.CollectMapper">

    <sql id="Base_Column_List">
        id,introduction_id,user_id
    </sql>

    <select id="selectAll" resultType="com.example.entity.Collect">
        select collect.*,
               introduction.img, introduction.name as introName, introduction.content, introduction.views, introduction.collect, introduction.comment,
               user.name as userName, user.avatar as userAvatar
        from collect
        left join introduction on collect.introduction_id = introduction.id
        left join user on collect.user_id = user.id
        <where>
            <if test="id != null"> and idv= #{id}</if>
            <if test="introductionId != null"> and introduction_id = #{introductionId}</if>
            <if test="userId != null"> and collect.user_id = #{userId}</if>
        </where>
        order by id desc
    </select>

    <select id="selectById" resultType="com.example.entity.Collect">
        select
        <include refid="Base_Column_List" />
        from collect
        where id = #{id}
    </select>

    <delete id="deleteById">
        delete from collect
        where  id = #{id}
    </delete>

    <insert id="insert" parameterType="com.example.entity.Collect" useGeneratedKeys="true">
        insert into collect
        <trim prefix="(" suffix=")" suffixOverrides=",">
                <if test="id != null">id,</if>
                <if test="introductionId != null">introduction_id,</if>
                <if test="userId != null">user_id,</if>
        </trim>
        <trim prefix="values (" suffix=")" suffixOverrides=",">
                <if test="id != null">#{id},</if>
                <if test="introductionId != null">#{introductionId},</if>
                <if test="userId != null">#{userId},</if>
        </trim>
    </insert>

    <update id="updateById" parameterType="com.example.entity.Collect">
        update collect
        <set>
            <if test="introductionId != null">
                introduction_id = #{introductionId},
            </if>
            <if test="userId != null">
                user_id = #{userId},
            </if>
        </set>
        where id = #{id} 
    </update>

</mapper>