<?xml version="1.0" encoding="UTF-8"?>
<!DOCTYPE mapper
        PUBLIC "-//mybatis.org//DTD Mapper 3.0//EN"
        "http://mybatis.org/dtd/mybatis-3-mapper.dtd">
<mapper namespace="com.example.mapper.TrainordersMapper">

    <sql id="Base_Column_List">
        id,name,user_id,time,fly_time,start_airport,end_airport,time_slot,num,price,order_no,status,ticket_id
    </sql>

    <select id="selectAll" resultType="com.example.entity.Trainorders">
        select trainorders.*, user.name as userName
        from trainorders
        left join user on trainorders.user_id = user.id
        <where>
            <if test="id != null"> and id= #{id}</if>
            <if test="orderNo != null"> and order_no = #{orderNo}</if>
            <if test="userId != null"> and user_id = #{userId}</if>
        </where>
        order by id desc
    </select>

    <select id="selectById" resultType="com.example.entity.Trainorders">
        select
        <include refid="Base_Column_List" />
        from trainorders
        where id = #{id}
    </select>

    <delete id="deleteById">
        delete from trainorders
        where  id = #{id}
    </delete>

    <insert id="insert" parameterType="com.example.entity.Trainorders" useGeneratedKeys="true">
        insert into trainorders
        <trim prefix="(" suffix=")" suffixOverrides=",">
                <if test="id != null">id,</if>
                <if test="name != null">name,</if>
                <if test="userId != null">user_id,</if>
                <if test="time != null">time,</if>
                <if test="flyTime != null">fly_time,</if>
                <if test="startAirport != null">start_airport,</if>
                <if test="endAirport != null">end_airport,</if>
                <if test="timeSlot != null">time_slot,</if>
                <if test="num != null">num,</if>
                <if test="price != null">price,</if>
                <if test="orderNo != null">order_no,</if>
                <if test="status != null">status,</if>
                <if test="ticketId != null">ticket_id,</if>
        </trim>
        <trim prefix="values (" suffix=")" suffixOverrides=",">
                <if test="id != null">#{id},</if>
                <if test="name != null">#{name},</if>
                <if test="userId != null">#{userId},</if>
                <if test="time != null">#{time},</if>
                <if test="flyTime != null">#{flyTime},</if>
                <if test="startAirport != null">#{startAirport},</if>
                <if test="endAirport != null">#{endAirport},</if>
                <if test="timeSlot != null">#{timeSlot},</if>
                <if test="num != null">#{num},</if>
                <if test="price != null">#{price},</if>
                <if test="orderNo != null">#{orderNo},</if>
                <if test="status != null">#{status},</if>
                <if test="ticketId != null">#{ticketId},</if>
        </trim>
    </insert>

    <update id="updateById" parameterType="com.example.entity.Trainorders">
        update trainorders
        <set>
            <if test="name != null">
                name = #{name},
            </if>
            <if test="flyTime != null">
                fly_time = #{flyTime},
            </if>
            <if test="startAirport != null">
                start_airport = #{startAirport},
            </if>
            <if test="endAirport != null">
                end_airport = #{endAirport},
            </if>
            <if test="timeSlot != null">
                time_slot = #{timeSlot},
            </if>
            <if test="price != null">
                price = #{price},
            </if>
            <if test="status != null">
                status = #{status},
            </if>
            <if test="ticketId != null">
                ticket_id = #{ticketId},
            </if>
        </set>
        where id = #{id} 
    </update>

</mapper>